KinaseUniProt ID,KinaseGeneName,SubstrateUniProtID,SubstratePosition,SubstrateCode,Peptide,Species,PMIDs,pub_date,oldest_pub_date
,PKA-family,P62807,15,S,****************MPEPAKSAPAPKKGSKKAVTKAQKKDGKKRKRSRKESYSVYVYKV,Homo sapiens,1137958; 30395287,1975-05-15; 2019-01-8,1975-05-15
Q13043,STK4,P62807,15,S,****************MPEPAKSAPAPKKGSKKAVTKAQKKDGKKRKRSRKESYSVYVYKV,Homo sapiens,1137958; 30395287,1975-05-15; 2019-01-8,1975-05-15
,PHK-family,P11217,15,S,****************MSRPLSDQEKRKQISVRGLAGVENVTELKKNFNRHLHFTLVKDRN,Homo sapiens,1140412; 30395287,1975-07-15; 2019-01-8,1975-07-15
,PKC-family,Q01844,266,S,PPTSYPPQTGSYSQAPSQYSQQSSSYGQQSSFRQDHPSSMGVYGQESGGFSGPGENRSMSG,Homo sapiens,934118,1976-05,1976-05-01
,PKA-family,P62807,37,S,SAPAPKKGSKKAVTKAQKKDGKKRKRSRKESYSVYVYKVLKQVHPDTGISSKAMGIMNSFV,Homo sapiens,192223,1977-02-15,1977-02-15
,PKA-family,Q16778,33,S,EPAKSAPAPKKGSKKAVTKAQKKDGKKRKRSRKESYSIYVYKVLKQVHPDTGISSKAMGIM,Homo sapiens,192223,1977-02-15,1977-02-15
,PKA-family,P62807,33,S,EPAKSAPAPKKGSKKAVTKAQKKDGKKRKRSRKESYSVYVYKVLKQVHPDTGISSKAMGIM,Homo sapiens,192223,1977-02-15,1977-02-15
P49841,GSK3B,P13807,641,S,MALSKAFPEHFTYEPNEADAAQGYRYPRPASVPPSPSLSRHSSPHQSEDEEDPRNGPLEED,Homo sapiens,6772446,1980-06,1980-06-01
P49841,GSK3B,P13807,649,S,EHFTYEPNEADAAQGYRYPRPASVPPSPSLSRHSSPHQSEDEEDPRNGPLEEDGERYDEDE,Homo sapiens,6772446,1980-06,1980-06-01
,PKA-family,P02671,460,S,TEKLVTSKGDKELRTGKEKVTSGSTTTTRRSCSKTVTKTVIGPDGHKEVTKEVVTSEDGSD,Homo sapiens,6255944,1980-10-31,1980-10-31
,PKG-family,P05204,29,S,**MPKRKAEGDAKGDKAKVKDEPQRRSARLSAKPAPPKPEPKPKKAPAKKGEKVPKGKKGK,Homo sapiens,6279643,1982-04-25,1982-04-25
P12931,SRC,P30443,344,Y,GLVLLGAVITGAVVAAVMWRRKSSDRKGGSYTQAASSDSAQGSDVSLTACKV*********,Homo sapiens,6304688,1983-05,1983-05-01
,PKA-family,P01233,117,T,IRLPGCPRGVNPVVSYAVALSCQCALCRRSTTDCGGPKDHPLTCDDPRFQDSSSSKAPPPS,Homo sapiens,6196363,1983-12-10,1983-12-10
,PKA-family,P01233,86,S,GYCPTMTRVLQGVLPALPQVVCNYRDVRFESIRLPGCPRGVNPVVSYAVALSCQCALCRRS,Homo sapiens,6196363,1983-12-10,1983-12-10
,PKA-family,P01233,116,S,SIRLPGCPRGVNPVVSYAVALSCQCALCRRSTTDCGGPKDHPLTCDDPRFQDSSSSKAPPP,Homo sapiens,6196363,1983-12-10,1983-12-10
,PKA-family,P30443,343,S,AGLVLLGAVITGAVVAAVMWRRKSSDRKGGSYTQAASSDSAQGSDVSLTACKV********,Homo sapiens,6333425,1984-11-10,1984-11-10
,PKA-family,P30443,336,S,IPIVGIIAGLVLLGAVITGAVVAAVMWRRKSSDRKGGSYTQAASSDSAQGSDVSLTACKV*,Homo sapiens,6333425,1984-11-10,1984-11-10
,PKA-family,P30443,337,S,PIVGIIAGLVLLGAVITGAVVAAVMWRRKSSDRKGGSYTQAASSDSAQGSDVSLTACKV**,Homo sapiens,6333425,1984-11-10,1984-11-10
,PKC-family,P12931,12,S,*******************MGSNKSKPKDASQRRRSLEPAENVHGAGGGAFPASQTPSKPA,Homo sapiens,2996780,1985-10,1985-10-01
,PKC-family,P01589,271,T,VAVAGCVFLLISVLLLSGLTWQRRQRKSRRTI*****************************,Homo sapiens,2941417,1986-06-25,1986-06-25
,PKC-family,P01589,268,S,EYQVAVAGCVFLLISVLLLSGLTWQRRQRKSRRTI**************************,Homo sapiens,2941417,1986-06-25,1986-06-25
,PKC-family,P30443,359,S,AVMWRRKSSDRKGGSYTQAASSDSAQGSDVSLTACKV************************,Homo sapiens,2941417,1986-06-25,1986-06-25
,PKC-family,P07355,26,S,*****MSTVHEILCKLSLEGDHSTPPSAYGSVKAYTNFDAERDALNIETAIKTKGVDEVTI,Homo sapiens,2946940; 30395287,1986-07; 2019-01-8,1986-07-01
,PKC-family,P09693,148,S,FLFAEIVSIFVLAVGVYFIAGQDGVRQSRASDKQTLLPNDQLYQPLKDREDDQYSHLQGNQ,Homo sapiens,3112151,1987-08-15,1987-08-15
,PKC-family,P02786,24,S,*******MMDQARSAFSNLFGGEPLSYTRFSLARQVDGDNSHVEMKLAVDEEENADNNTKA,Homo sapiens,3119581; 3013873,1987-11-25; 1986-07-5,1987-11-25
,PKC-family,P04083,27,S,****MAMVSEFLKQAWFIENEEQEYVQTVKSSKGGPGSAVSPYPTFNPSSDVAALHKAIMV,Homo sapiens,2457390; 30395287,1988-05-17; 2019-01-8,1988-05-17
,PKA-family,P04083,216,T,GDRSEDFGVNEDLADSDARALYEAGERRKGTDVNVFNTILTTRSYPQLRRVFQKYTKYSKH,Homo sapiens,2457390,1988-05-17,1988-05-17
,ABL-family,P04083,21,Y,**********MAMVSEFLKQAWFIENEEQEYVQTVKSSKGGPGSAVSPYPTFNPSSDVAAL,Homo sapiens,2457390; 30395287,1988-05-17; 2019-01-8,1988-05-17
Q13976,PRKG1,P04083,216,T,GDRSEDFGVNEDLADSDARALYEAGERRKGTDVNVFNTILTTRSYPQLRRVFQKYTKYSKH,Homo sapiens,2457390,1988-05-17,1988-05-17
,AMPK-family,Q13085,1201,S,LKDNTCVVEFQFMLPTSHPNRGNIPTLNRMSFSSNLNHYGMTHVASVSDVLLDNSFTPPCQ,Homo sapiens,2900138,1988-08-1,1988-08-01
P17252,PRKACA,Q13085,1201,S,LKDNTCVVEFQFMLPTSHPNRGNIPTLNRMSFSSNLNHYGMTHVASVSDVLLDNSFTPPCQ,Homo sapiens,2900138,1988-08-1,1988-08-01
,CK2-family,Q13085,29,S,**MDEPSPLAQPLELNQHSRFIIGSVSEDNSEDEISNLVKLDLLEEKEGSLSPASVGSDTL,Homo sapiens,2900140,1988-08-1,1988-08-01
,CAMK1-family,Q13085,25,S,******MDEPSPLAQPLELNQHSRFIIGSVSEDNSEDEISNLVKLDLLEEKEGSLSPASVG,Homo sapiens,2900140,1988-08-1,1988-08-01
Q13554,CAMK2B,Q13554,382,T,VKPQTNSTKNSAAATSPKGTLPPAALEPQTTVIHNPVDGIKESSDSANTTIEDEDAKAPRV,Homo sapiens,2856100,1988-09,1988-09-01
Q13554,CAMK2B,Q13554,287,T,PAKRITAHEALKHPWVCQRSTVASMMHRQETVECLKKFNARRKLKGAILTTMLATRNFSVG,Homo sapiens,2856100,1988-09,1988-09-01
,CK2-family,P08238,255,S,ISDDEAEEEKGEKEEEDKDDEEKPKIEDVGSDEEDDSGKDKKKKTKKIKEKYIDQEELNKT,Homo sapiens,2492519,1989-02-15,1989-02-15
,CK2-family,P07900,263,S,DEAEEKEDKEEEKEKEEKESEDKPEIEDVGSDEEEEKKDGDKKKKKKIKEKYIDQEELNKT,Homo sapiens,2492519,1989-02-15,1989-02-15
,CK2-family,P08238,226,S,RRVKEVVKKHSQFIGYPITLYLEKEREKEISDDEAEEEKGEKEEEDKDDEEKPKIEDVGSD,Homo sapiens,2492519,1989-02-15,1989-02-15
,CK2-family,P07900,231,S,RRIKEIVKKHSQFIGYPITLFVEKERDKEVSDDEAEEKEDKEEEKEKEEKESEDKPEIEDV,Homo sapiens,2492519,1989-02-15,1989-02-15
,PKA-family,P09038,254,T,LLASKCVTDECFFFERLESNNYNTYRSRKYTSWYVALKRTGQYKLGSKTGPGQKAILFLPM,Homo sapiens,2541433,1989-05,1989-05-01
,PKA-family,P20020,1178,S,TNISTPTHIRVVNAFRSSLYEGLEKPESRSSIHNFMTHPEFRIEDSEPHIPLIDDTDAEDD,Homo sapiens,2548572,1989-05-16,1989-05-16
,PKA-family,P13224,191,S,GLLHALLLVLLLCRLRRLRARARARAAARLSLTDPLVAERAGTDES***************,Homo sapiens,2504723; 30395287,1989-09-15; 2019-01-8,1989-09-15
,PDGFR-family,P09619,857,Y,LAARNVLICEGKLVKICDFGLARDIMRDSNYISKGSTFLPLKWMAPESIFNSLYTTLSDVW,Homo sapiens,2550144; 10821867; 30395287,1989-09-22; 2000-05-26; 2019-01-8,1989-09-22
,CK2-family,P17096,103,S,RKTTTTPGRKPRGRPKKLEKEEEEGISQESSEEEQ**************************,Homo sapiens,2806554; 30395287,1989-10-23; 2019-01-8,1989-10-23
,CK2-family,P17096,102,S,TRKTTTTPGRKPRGRPKKLEKEEEEGISQESSEEEQ*************************,Homo sapiens,2806554; 30395287,1989-10-23; 2019-01-8,1989-10-23
,CK2-family,P17096,99,S,AAKTRKTTTTPGRKPRGRPKKLEKEEEEGISQESSEEEQ**********************,Homo sapiens,2806554,1989-10-23,1989-10-23
,CDK-family,P10636,529,T,PPSSGEPPKSGDRSGYSSPGSPGTPGSRSRTPSLPTPPTREPKKVAVVRTPPKSPSSAKSR,Homo sapiens,2387894; 11181841,1990-01; 2001-02,1990-01-01
,CDK-family,P10636,534,T,EPPKSGDRSGYSSPGSPGTPGSRSRTPSLPTPPTREPKKVAVVRTPPKSPSSAKSRLQTAP,Homo sapiens,2387894; 11181841,1990-01; 2001-02,1990-01-01
,PKC-family,P06213,1375,T,GGSSLGFKRSYEEHIPYTHMNGGKKNGRILTLPRSNPS***********************,Homo sapiens,2110001,1990-02-20,1990-02-20
P00533,EGFR,P19174,1253,Y,FSGTSLRERGSDASGQLFHGRAREGSFESRYQQPFEDFRISQEHLADHFDSRERRAPRRTR,Homo sapiens,1689310,1990-03-5,1990-03-05
,PKC-family,P14136,17,S,**************MERRRITSAARRSYVSSGEMMVGGLAPGRRLGPGTRLSLARMPPPLP,Homo sapiens,2155236; 7822264,1990-03-15; 1994-08,1990-03-15
,CAMK2-family,P14136,17,S,**************MERRRITSAARRSYVSSGEMMVGGLAPGRRLGPGTRLSLARMPPPLP,Homo sapiens,2155236; 7822264,1990-03-15; 1994-08,1990-03-15
,CDK-family,P20700,23,S,********MATATPVPPRMGSRAGGPTTPLSPTRLSRLQEKEELRELNDRLAVYIDKVRSL,Homo sapiens,2188730,1990-05-18,1990-05-18
,CDK-family,P20700,393,S,LLDVKLALDMEISAYRKLLEGEEERLKLSPSPSSRVTVSRASSSRSVRTTRGKRKRVDVEE,Homo sapiens,2188730,1990-05-18,1990-05-18
,GSK-family,P53396,451,S,HRPIPNQPPTAAHTANFLLNASGSTSTPAPSRTASFSESRADEVAPAKKAKPAMPQDSVPS,Homo sapiens,2176822,1990-08-21,1990-08-21
,GSK-family,P53396,447,T,MALGHRPIPNQPPTAAHTANFLLNASGSTSTPAPSRTASFSESRADEVAPAKKAKPAMPQD,Homo sapiens,2176822,1990-08-21,1990-08-21
,PKA-family,P30301,231,S,HWVYWVGPIIGGGLGSLLYDFLLFPRLKSISERLSVLKGAKPDVSNGQPEVTGEPVELNTQ,Homo sapiens,2176601,1990-12-12,1990-12-12
,PKA-family,P30301,229,S,TNHWVYWVGPIIGGGLGSLLYDFLLFPRLKSISERLSVLKGAKPDVSNGQPEVTGEPVELN,Homo sapiens,2176601,1990-12-12,1990-12-12
P49840,GSK3A,P05412,239,T,HHLPQQMPVQHPRLQALKEEPQTVPEMPGETPPLSPIDMESQERIKAERKRMRNRIAASKC,Homo sapiens,1846781; 1956339; 30395287,1991-02-8; 1991-00; 2019-01-8,1991-02-08
,GSK-family,P05412,239,T,HHLPQQMPVQHPRLQALKEEPQTVPEMPGETPPLSPIDMESQERIKAERKRMRNRIAASKC,Homo sapiens,1846781; 1956339; 30395287,1991-02-8; 1991-00; 2019-01-8,1991-02-08
,CAMK2-family,P08670,83,S,YASSPGGVYATRSSAVRLRSSVPGVRLLQDSVDFSLADAINTEFKNTRTNEKVELQELNDR,Homo sapiens,1850997; 12761892; 16140754; 9794428,1991-03-29; 2003-06-1; 2005-09; 1998-11-1,1991-03-29
P49137,MAPKAPK2,P08670,83,S,YASSPGGVYATRSSAVRLRSSVPGVRLLQDSVDFSLADAINTEFKNTRTNEKVELQELNDR,Homo sapiens,1850997; 12761892; 16140754; 9794428,1991-03-29; 2003-06-1; 2005-09; 1998-11-1,1991-03-29
,PKC-family,Q07001,362,S,NIHFRTPSTHVLSEGVKKLFLETLPELLHMSRPAEDGPSPGALVRRSSSLGYISKAEEYFL,Homo sapiens,1707313,1991-04-9,1991-04-09
,PKA-family,Q07001,362,S,NIHFRTPSTHVLSEGVKKLFLETLPELLHMSRPAEDGPSPGALVRRSSSLGYISKAEEYFL,Homo sapiens,1707313,1991-04-9,1991-04-09
P00533,EGFR,P11171,660,Y,GDQTQKLAEKTEDLIRMRKKKRERLDGENIYIRHSNLMLEDLDKSQEEIKKHHASISELKK,Homo sapiens,1647028,1991-06-15,1991-06-15
,PKC-family,P00533,678,T,TGMVGALLLLLVVALGIGLFMRRRHIVRKRTLRRLLQERELVEPLTPSGEAPNQALLRILK,Homo sapiens,1860884; 6090944,1991-08; 1984-10-4-10,1991-08-01
,PKC-family,P29966,163,S,TSSPKAEDGATPSPSNETPKKKKKRFSFKKSFKLSGFSFKKNKKEAGEGGEAEAPAAEGGK,Homo sapiens,1650359; 30395287,1991-08-5; 2019-01-8,1991-08-05
,PKC-family,P29966,170,S,DGATPSPSNETPKKKKKRFSFKKSFKLSGFSFKKNKKEAGEGGEAEAPAAEGGKDEAAGGA,Homo sapiens,1650359; 30395287,1991-08-5; 2019-01-8,1991-08-05
,PKC-family,P29966,159,S,AASSTSSPKAEDGATPSPSNETPKKKKKRFSFKKSFKLSGFSFKKNKKEAGEGGEAEAPAA,Homo sapiens,1650359; 30395287,1991-08-5; 2019-01-8,1991-08-05
,PKC-family,P29966,167,S,KAEDGATPSPSNETPKKKKKRFSFKKSFKLSGFSFKKNKKEAGEGGEAEAPAAEGGKDEAA,Homo sapiens,1650359; 30395287,1991-08-5; 2019-01-8,1991-08-05
P24941,CDK2,P01106,62,S,YQQQQQSELQPPAPSEDIWKKFELLPTPPLSPSRRSGLCSPSYVAVTPFSLRGDNDGGGGS,Homo sapiens,1651323; 30395287,1991-08-15; 2019-01-8,1991-08-15
,GSK-family,P01106,62,S,YQQQQQSELQPPAPSEDIWKKFELLPTPPLSPSRRSGLCSPSYVAVTPFSLRGDNDGGGGS,Homo sapiens,1651323; 30395287,1991-08-15; 2019-01-8,1991-08-15
,CAMK2-family,P07101,19,S,************MPTPDATTPQAKGFRRAVSELDAKQAEAIMVRGQGAPGPSLTGSPWPGT,Homo sapiens,1680128; 7901013,1991-09-15; 1993-10-15,1991-09-15
,CAMK2-family,P07101-3,31,S,MPTPDATTPQAKGFRRAVSELDAKQAEAIMSPRFIGRRQSLIEDARKEREAAVAAAAAAVP,Homo sapiens,1680128,1991-09-15,1991-09-15
,CAMK2-family,P07101,40,S,QAKGFRRAVSELDAKQAEAIMVRGQGAPGPSLTGSPWPGTAAPAASYTPTPRSPRFIGRRQ,Homo sapiens,1680128; 7901013,1991-09-15; 1993-10-15,1991-09-15
,PKA-family,P07101,71,S,LTGSPWPGTAAPAASYTPTPRSPRFIGRRQSLIEDARKEREAAVAAAAAAVPSEPGDPLEA,Homo sapiens,1680128,1991-09-15,1991-09-15
P49137,MAPKAPK2,P07101,40,S,QAKGFRRAVSELDAKQAEAIMVRGQGAPGPSLTGSPWPGTAAPAASYTPTPRSPRFIGRRQ,Homo sapiens,1680128; 7901013,1991-09-15; 1993-10-15,1991-09-15
,PKA-family,P07101,40,S,QAKGFRRAVSELDAKQAEAIMVRGQGAPGPSLTGSPWPGTAAPAASYTPTPRSPRFIGRRQ,Homo sapiens,1680128; 7901013,1991-09-15; 1993-10-15,1991-09-15
,PKC-family,P07307,12,S,*******************MAKDFQDIQQLSSEENDHPFHQGEGPGTRRLNPRRGNPFLKG,Homo sapiens,1924301,1991-10-1,1991-10-01
,CDK-family,P06400,252,T,VLDYFIKLSPPMLLKEPYKTAVIPINGSPRTPRRGQNRSARIAKQLENDTRIIEVLCKEHE,Homo sapiens,1756735; 30395287,1991-12; 2019-01-8,1991-12-01
,CDK-family,P06400,373,T,LQTDSIDSFETQRTPRKSNLDEEVNVIPPHTPVRTVMNTIQQLMMILNSASDQPSENLISY,Homo sapiens,1756735; 30395287,1991-12; 2019-01-8,1991-12-01
,CDK-family,P06400,249,S,MLCVLDYFIKLSPPMLLKEPYKTAVIPINGSPRTPRRGQNRSARIAKQLENDTRIIEVLCK,Homo sapiens,1756735; 30395287,1991-12; 2019-01-8,1991-12-01
,CDK-family,P06400,811,S,PIPHIPRSPYKFPSSPLRIPGGNIYISPLKSPYKISEGLPTPTKMTPRSRILVSIGESFGT,Homo sapiens,1756735; 30395287,1991-12; 2019-01-8,1991-12-01
,CDK-family,P06400,807,S,PTLSPIPHIPRSPYKFPSSPLRIPGGNIYISPLKSPYKISEGLPTPTKMTPRSRILVSIGE,Homo sapiens,1756735; 30395287,1991-12; 2019-01-8,1991-12-01
,PKC-family,P15336,367,S,QSTSGRRRRAANEDPDEKRRKFLERNRAAASRCRQKRKVWVQSLEKKAEDLSSLNGQLQSE,Homo sapiens,1661585,1991-12-16,1991-12-16
,PKC-family,P15336,340,S,SRPQSLQQPATSTTETPASPAHTTPQTQSTSGRRRRAANEDPDEKRRKFLERNRAAASRCR,Homo sapiens,1661585,1991-12-16,1991-12-16
,PKA-family,P15336,62,S,CGQRFTNEDHLAVHKHKHEMTLKFGPARNDSVIVADQTPTPTRFLKNCEEVGLFNELASPF,Homo sapiens,1661585,1991-12-16,1991-12-16
P50613,CDK7,P14859,385,S,NLSSDSSLSSPSALNSPGIEGLSRRRKKRTSIETNIRVALEKSFLENQKPTSEEITMIADQ,Homo sapiens,1684878; 9368058,1991-12-20; 1997-11-21,1991-12-20
,PKA-family,P14859,385,S,NLSSDSSLSSPSALNSPGIEGLSRRRKKRTSIETNIRVALEKSFLENQKPTSEEITMIADQ,Homo sapiens,1684878; 9368058,1991-12-20; 1997-11-21,1991-12-20